participant_id,toy_check1,toy_check2,toy_check3,toy_check4,toy_yesno,toy_text1,toy_text2,toy_text3,toy_text4,toy_text5,genomic_text1,genomic_p._text2,birthdate,submission_date,submission_date_2
1805,1.0,1.0,0.0,0.0,2.0,"yes, this happens often",?,she is very active,no/na,not lately,c.123G>C,N984K ? ,2017-08-10	,2024-08-10	,2025-08-10	
1810,0.0,0.0,0.0,0.0,1.0,[trans. from pt] All the time.,,[trans. from pt] She's very active.,,,3333G>A. scn8a,p.E1483K,2020-09-10	,2024-09-11	,2025-09-11	
1815,0.0,0.0,0.0,0.0,2.0,Mary does this all the time,we generally don't,she plays soccer and volleyball,,sometimes,123G>C p.(N984K),(N984K) SCN8A,2017-08-10	,2024-08-18	,2025-08-18	
1817,1.0,1.0,0.0,0.0,,"[trans. from zh] Yes, often.",[trans. from zh] Sometimes.,[trans. from zh] It's full of energy.,,[trans. from zh] It rarely happens.,SCN8A,p.(G1451S),2017-11-11	,2024-08-18	,2025-10-18	
1821,0.0,0.0,0.0,0.0,,"[trans. from pt] Sí, est pasa followed.",[trans. from pt] Lately no.,,,[trans. from pt] You see her.,c.2345+1T>G,E1483K,2020-08-15	,2024-08-19	,2025-12-18	
1824,1.0,1.0,0.0,0.0,1.0,[trans. from zh] Always so / Always is.,,,[trans. from zh] Not applicable,[trans. from zh] We don't usually do that.,SCN8A,p.(G1451S),2017-11-11	,2024-08-20	,2026-01-20	
1825,0.0,0.0,0.0,0.0,,[trans. from es] All the time.,[trans. from es] We usually don't.,,,[trans. from es] Once in a while.,c.2345+1T>G,E1483K,2020-08-15	,2024-08-21	,2026-08-25	
1826,0.0,0.0,0.0,0.0,1.0,[trans. from pt] The menudo occurre.,[trans. from pt] Rarely.,,,,c2345+1T>G,pE1483K,2020-08-15	,2024-08-23	,2026-09-23	
1828,1.0,1.0,0.0,0.0,1.0,"Not often, but sometimes",,"he doesn't like to, but he will if we make him.",yes,he loves this,?,?,2017-11-11	,2024-10-20	,2026-11-20	
